{
    "employees": [
        {
            "name": "Scott",
            "date_of_birth": "24/3-1980",
            "salary": "1000",
            "bonus": "100"
        },
        {
            "name": "Larry",
            "date_of_birth": "12/4-1960",
            "salary": "2000",
            "bonus": "300"
        },
        {
            "name": "Tim",
            "date_of_birth": "13/1-1997",
            "salary": "3000",
            "bonus": "300"
        },
        {
            "name": "hello",
            "date_of_birth": "hello",
            "salary": "hello",
            "bonus": "hello"
        },
        {
            "name": "hello",
            "date_of_birth": "hello",
            "salary": "hello",
            "bonus": "hello"
        },
        {
            "name": "hello",
            "date_of_birth": "hello",
            "salary": "hello",
            "bonus": "hello"
        },
        {
            "name": "hello",
            "date_of_birth": "hello",
            "salary": "hello",
            "bonus": "hello"
        },
        {
            "name": "hello",
            "date_of_birth": "hello",
            "salary": "hello",
            "bonus": "hello"
        },
        {
            "name": "hello",
            "date_of_birth": "hello",
            "salary": "hello",
            "bonus": "hello"
        },
        {
            "name": "hello",
            "date_of_birth": "hello",
            "salary": "hello",
            "bonus": "hello"
        },
        {
            "name": "hello",
            "date_of_birth": "hello",
            "salary": "hello",
            "bonus": "hello"
        },
        {
            "name": "hello",
            "date_of_birth": "hello",
            "salary": "hello",
            "bonus": "hello"
        },
        {
            "name": "hello",
            "date_of_birth": "hello",
            "salary": "hello",
            "bonus": "hello"
        }
    ]
}